GGDENAME,GDEKT,Summe_Stromertrag
Aadorf,TG,140281884
Aarau,AG,197438694
Aarberg,BE,61590005
Aarburg,AG,70021083
Aarwangen,BE,61100738
Abtwil,AG,8995397
Aclens,VD,16192930
Acquarossa,TI,37456737
Adelboden,BE,74753772
Adligenswil,LU,48652526
Adliswil,ZH,116685023
Aedermannsdorf,SO,12194754
Aefligen,BE,18014062
Aegerten,BE,22216729
Aesch (BL),BL,102915709
Aesch (LU),LU,20871645
Aesch (ZH),ZH,21834810
Aeschi (SO),SO,19185710
Aeschi bei Spiez,BE,38346682
Aeugst am Albis,ZH,31727047
Affeltrangen,TG,66567939
Affoltern am Albis,ZH,125242070
Affoltern im Emmental,BE,30915894
Agarn,VS,10269345
Agiez,VD,5168499
Agno,TI,48200887
Aigle,VD,105045356
Aire-la-Ville,GE,16321996
Airolo,TI,29894482
Alberswil,LU,9767853
Albinen,VS,7484855
Albula/Alvra,GR,31970511
Alchenstorf,BE,13280866
Allaman,VD,15869990
Alle,JU,37860069
Allmendingen,BE,11567474
Allschwil,BL,165965129
Alpnach,OW,59386546
Alpthal,SZ,12445755
Altbüron,LU,17736874
Altdorf (UR),UR,78964631
Altendorf,SZ,74550086
Altikon,ZH,12448344
Altishofen,LU,34501999
Altnau,TG,42196464
Alto Malcantone,TI,24462352
Altstätten,SG,196301498
Amden,SG,49051194
Amlikon-Bissegg,TG,43686651
Ammerswil,AG,9223375
Amriswil,TG,178978852
Amsoldingen,BE,13118307
Andeer,GR,15255286
Andelfingen,ZH,53881273
Andermatt,UR,22230007
Andwil (SG),SG,26233497
Anières,GE,28125351
Anniviers,VS,79874626
Anwil,BL,12180003
Appenzell,AI,100327244
Aranno,TI,5824574
Arbaz,VS,26768568
Arbedo-Castione,TI,48366755
Arboldswil,BL,10188121
Arbon,TG,167713704
Arch,BE,24512763
Ardon,VS,38804641
Arisdorf,BL,29794538
Aristau,AG,19482467
Arlesheim,BL,96728524
Arnex-sur-Nyon,VD,3112637
Arnex-sur-Orbe,VD,10671579
Arni (AG),AG,23672595
Arni (BE),BE,23488015
Arogno,TI,15575119
Arosa,GR,79209374
Arth,SZ,115118395
Arzier-Le Muids,VD,31927876
Ascona,TI,88242658
Assens,VD,21448286
Astano,TI,7904106
Attalens,FR,40572566
Attinghausen,UR,13897339
Attiswil,BE,24027010
Au (SG),SG,95676087
Aubonne,VD,54357501
Auboranges,FR,5124194
Auenstein,AG,22998625
Augst,BL,14961875
Ausserberg,VS,9189919
Auswil,BE,12556310
Autigny,FR,13003702
Auw,AG,22930732
Avegno Gordevio,TI,20739355
Avenches,VD,68673440
Avers,GR,5211579
Avry,FR,36010534
Avully,GE,13798180
Avusy,GE,15682094
Ayent,VS,63964706
Baar,ZG,218100337
Bachenbülach,ZH,43386424
Bachs,ZH,11005510
Bad Ragaz,SG,87159375
Baden,AG,175104445
Balerna,TI,69963878
Balgach,SG,71584700
Ballaigues,VD,16655301
Ballens,VD,10533195
Ballwil,LU,30323981
Balm bei Günsberg,SO,4922649
Balsthal,SO,78607533
Baltschieder,VS,12825690
Bannwil,BE,14892421
Bardonnex,GE,24229637
Bargen (BE),BE,18884332
Bargen (SH),SH,5172334
Bas-Intyamon,FR,16964097
Basadingen-Schlattingen,TG,64236213
Basel,BS,1009146491
Basse-Allaine,JU,28509873
Bassersdorf,ZH,89510797
Bassins,VD,18211624
Baulmes,VD,18349633
Bauma,ZH,83860372
Bavois,VD,14830441
Beatenberg,BE,27288872
Beckenried,NW,30559743
Bedano,TI,26371399
Bedigliora,TI,10217270
Bedretto,TI,3412128
Beggingen,SH,11344723
Begnins,VD,20347740
Beinwil (Freiamt),AG,16380862
Beinwil (SO),SO,7871591
Beinwil am See,AG,45473302
Belfaux,FR,31215757
Bellach,SO,72135763
Bellevue,GE,29540603
Bellikon,AG,20634155
Bellinzona,TI,451680148
Bellmund,BE,19353804
Bellwald,VS,17252955
Belmont-Broye,FR,90966510
Belmont-sur-Lausanne,VD,28575468
Belmont-sur-Yverdon,VD,7789906
Belp,BE,122494167
Belprahon,BE,5506501
Benken (SG),SG,64646009
Benken (ZH),ZH,13717082
Bennwil,BL,14994584
Bercher,VD,17895276
Berg (SG),SG,11314474
Berg (TG),TG,71582065
Berg am Irchel,ZH,11910410
Bergdietikon,AG,34724126
Bergün Filisur,GR,24971806
Berikon,AG,41262749
Beringen,SH,66659355
Berken,BE,1491790
Berlingen,TG,14986090
Bern,BE,968204905
Berneck,SG,57952131
Bernex,GE,78028824
Berolle,VD,5838137
Beromünster,LU,85748236
Besenbüren,AG,8813496
Bettenhausen,BE,12600919
Bettens,VD,8136200
Bettingen,BS,12229302
Bettlach,SO,55244193
Bettmeralp,VS,19545518
Bettwiesen,TG,21071936
Bettwil,AG,10987404
Beurnevésin,JU,5704395
Bever,GR,11586933
Bex,VD,97977528
Biasca,TI,70845186
Biberist,SO,110508373
Biberstein,AG,20017191
Bichelsee-Balterswil,TG,53081115
Biel-Benken,BL,44949880
Biel/Bienne,BE,409722006
Biezwil,SO,8494511
Biglen,BE,27412814
Billens-Hennens,FR,11571503
Binn,VS,3592647
Binningen,BL,111407462
Bioggio,TI,59988907
Bioley-Magnoux,VD,6091615
Birmensdorf (ZH),ZH,71029221
Birmenstorf (AG),AG,37624786
Birr,AG,34817418
Birrhard,AG,12580082
Birrwil,AG,19153805
Birsfelden,BL,83065682
Birwinken,TG,41916840
Bischofszell,TG,97387154
Bissone,TI,10106381
Bister,VS,715716
Bitsch,VS,12243988
Bière,VD,29198949
Blatten,VS,4734048
Blauen,BL,12377434
Bleienbach,BE,17590797
Blenio,TI,46297321
Blonay - Saint-Légier,VD,133540530
Blumenstein,BE,20775662
Bodio,TI,12851205
Bofflens,VD,5400341
Bogis-Bossey,VD,10685926
Bois-d'Amont,FR,29292445
Bolken,SO,8299417
Bolligen,BE,70061809
Boltigen,BE,32020884
Bonaduz,GR,30040246
Boncourt,JU,30642435
Bonfol,JU,16693771
Boningen,SO,10689129
Boniswil,AG,21006494
Bonstetten,ZH,48088610
Bonvillars,VD,9736821
Boppelsen,ZH,16473880
Borex,VD,11352740
Bosco/Gurin,TI,2664390
Bossonnens,FR,17571727
Boswil,AG,34089142
Bottens,VD,16025492
Bottenwil,AG,13651291
Botterens,FR,7524271
Bottighofen,TG,25847343
Bottmingen,BL,56237453
Boudry,NE,49235193
Bougy-Villars,VD,8795752
Boulens,VD,5183767
Bourg-Saint-Pierre,VS,8496545
Bourg-en-Lavaux,VD,63264690
Bournens,VD,6363596
Bourrignon,JU,7428431
Boussens,VD,11846766
Bovernier,VS,9521112
Bowil,BE,28460092
Boécourt,JU,18979152
Braunau,TG,23060915
Bregaglia,GR,40752250
Breggia,TI,32563926
Breil/Brigels,GR,42107837
Breitenbach,SO,38742242
Bremblens,VD,8794256
Bremgarten (AG),AG,89926157
Bremgarten bei Bern,BE,36899360
Brenzikofen,BE,8672186
Bretigny-sur-Morrens,VD,8880595
Bretonnières,VD,5167975
Bretzwil,BL,15654559
Brienz (BE),BE,57693487
Brienzwiler,BE,9960468
Brig-Glis,VS,123643214
Brione sopra Minusio,TI,14444753
Brislach,BL,30094327
Brissago,TI,46572089
Brittnau,AG,55219471
Broc,FR,26284271
Brot-Plamboz,NE,10264871
Brugg,AG,124186513
Brunegg,AG,16496110
Brusino Arsizio,TI,9436997
Brusio,GR,19651084
Brügg,BE,62429152
Brünisried,FR,11513717
Brüttelen,BE,14719218
Brütten,ZH,24837445
Bubendorf,BL,63822766
Bubikon,ZH,104971657
Buch (SH),SH,7728534
Buch am Irchel,ZH,17075830
Buchberg,SH,14723668
Buchegg,SO,55350373
Buchholterberg,BE,32740043
Buchillon,VD,10485780
Buchrain,LU,58659984
Buchs (AG),AG,85939658
Buchs (SG),SG,132391589
Buchs (ZH),ZH,67364481
Buckten,BL,12629631
Bulle,FR,205441765
Bullet,VD,14974593
Buochs,NW,41887626
Bure,JU,17421342
Burg im Leimental,BL,4688636
Burgdorf,BE,202952532
Burgistein,BE,20609789
Bursinel,VD,6031101
Bursins,VD,13765766
Burtigny,VD,7617132
Buseno,GR,2668392
Bussigny,VD,82818229
Bussnang,TG,68816719
Busswil bei Melchnau,BE,5264791
Bussy-sur-Moudon,VD,5032780
Buttisholz,LU,46440480
Buttwil,AG,15671843
Buus,BL,20438018
Bäretswil,ZH,80787460
Bäriswil,BE,14276055
Bärschwil,SO,13054613
Bätterkinden,BE,52439910
Bättwil,SO,16773332
Böckten,BL,14435705
Bönigen,BE,30816105
Bösingen,FR,45393992
Böttstein,AG,47709025
Bözberg,AG,33667738
Böztal,AG,43842939
Büetigen,BE,11742003
Bühl,BE,8706535
Bühler,AR,27244642
Bülach,ZH,143796425
Bünzen,AG,14651687
Bürchen,VS,22928208
Büren (SO),SO,13503538
Büren an der Aare,BE,50940865
Bürglen (TG),TG,79667097
Bürglen (UR),UR,38631661
Büron,LU,31050491
Büsserach,SO,29698245
Bütschwil-Ganterschwil,SG,104533322
Büttenhardt,SH,6185642
Büttikon,AG,10618933
Cademario,TI,13262195
Cadempino,TI,19023608
Cadenazzo,TI,45479717
Calanca,GR,7419013
Cama,GR,6853676
Campo (Vallemaggia),TI,4461028
Canobbio,TI,22226956
Capriasca,TI,77588408
Carouge (GE),GE,123727624
Cartigny,GE,11772207
Caslano,TI,45553136
Castaneda,GR,4844203
Castel San Pietro,TI,38139805
Cazis,GR,36345372
Celerina/Schlarigna,GR,32605093
Centovalli,TI,25385102
Cerentino,TI,2520190
Cevio,TI,21501468
Chalais,VS,53364295
Cham,ZG,126892106
Chamblon,VD,7588585
Chamoson,VS,55948135
Champagne,VD,14002325
Champoz,BE,4076587
Champtauroz,VD,4529075
Champvent,VD,11907829
Champéry,VS,40235236
Chancy,GE,12222052
Chapelle (Glâne),FR,5125764
Chardonne,VD,38983297
Chavannes-de-Bogis,VD,22132807
Chavannes-des-Bois,VD,8331280
Chavannes-le-Chêne,VD,7266643
Chavannes-le-Veyron,VD,3935763
Chavannes-près-Renens,VD,28969436
Chavannes-sur-Moudon,VD,6688202
Chavornay,VD,61014805
Cheseaux-Noréaz,VD,11212347
Cheseaux-sur-Lausanne,VD,39056769
Chessel,VD,5743613
Chevilly,VD,5482040
Chevroux,VD,11891513
Chexbres,VD,19950449
Cheyres-Châbles,FR,30916079
Chiasso,TI,61241552
Chigny,VD,3909635
Chippis,VS,13269494
Choulex,GE,14451046
Chur,GR,271803762
Churwalden,GR,46609511
Château-d'Oex,VD,76441348
Châtel-Saint-Denis,FR,83638287
Châtel-sur-Montsalvens,FR,4070848
Châtillon (FR),FR,5691476
Châtillon (JU),JU,6576057
Châtonnaye,FR,13927328
Chénens,FR,11786127
Chéserex,VD,15450949
Chêne-Bougeries,GE,81655423
Chêne-Bourg,GE,42241178
Chêne-Pâquier,VD,3330171
Clarmont,VD,2789424
Clos du Doubs,JU,34321211
Coeuve,JU,16096369
Coinsins,VD,8603274
Coldrerio,TI,31714786
Collex-Bossy,GE,18065514
Collina d'Oro,TI,71952640
Collombey-Muraz,VS,102413356
Collonge-Bellerive,GE,94367055
Collonges,VS,7283596
Cologny,GE,61069122
Comano,TI,27366174
Commugny,VD,35807046
Concise,VD,12777421
Confignon,GE,34209331
Conters im Prättigau,GR,5086182
Conthey,VS,120597269
Coppet,VD,35394702
Corbeyrier,VD,9746945
Corbières,FR,13699028
Corcelles (BE),BE,4446389
Corcelles-le-Jorat,VD,12946272
Corcelles-près-Concise,VD,5953558
Corcelles-près-Payerne,VD,36611697
Corgémont,BE,26191279
Corminboeuf,FR,32144339
Cormoret,BE,8692247
Cornaux,NE,20776695
Cornol,JU,20315832
Corseaux,VD,23230255
Corsier (GE),GE,23316921
Corsier-sur-Vevey,VD,32296054
Cortaillod,NE,42582757
Cortébert,BE,13296595
Cossonay,VD,37289617
Cottens (FR),FR,19438643
Courchapoix,JU,7189042
Courchavon,JU,7016985
Courgenay,JU,44514427
Courgevaux,FR,16101419
Courrendlin,JU,45190266
Courroux,JU,43255323
Court,BE,26165873
Courtedoux,JU,13776828
Courtelary,BE,23442915
Courtepin,FR,70107225
Courtételle,JU,33242507
Crans (VD),VD,29818747
Crans-Montana,VS,182979926
Crassier,VD,13625624
Cressier (FR),FR,17268380
Cressier (NE),NE,27759492
Crissier,VD,102593857
Cronay,VD,8530986
Croy,VD,5626155
Crémines,BE,10352468
Crésuz,FR,7577066
Cuarnens,VD,10508105
Cuarny,VD,6327564
Cudrefin,VD,27144726
Cugnasco-Gerra,TI,36097694
Cugy (FR),FR,23467908
Cugy (VD),VD,26509150
Cureglia,TI,14863311
Curio,TI,8855013
Curtilles,VD,7337945
Céligny,GE,10027874
Dachsen,ZH,24132049
Dagmersellen,LU,77781474
Daillens,VD,22707102
Dallenwil,NW,20173342
Dalpe,TI,6810824
Damphreux-Lugnez,JU,10264281
Dardagny,GE,19814817
Davos,GR,181251765
Degersheim,SG,52728286
Deisswil bei Münchenbuchsee,BE,4810226
Deitingen,SO,36843652
Delley-Portalban,FR,18415966
Delémont,JU,148597401
Denens,VD,10531360
Denges,VD,17843474
Densbüren,AG,15440284
Derendingen,SO,66226880
Develier,JU,26649765
Diegten,BL,30026077
Dielsdorf,ZH,68930206
Diemtigen,BE,86179734
Diepflingen,BL,8855229
Diepoldsau,SG,94486360
Dierikon,LU,21511279
Diessbach bei Büren,BE,21946912
Diessenhofen,TG,59728774
Dietikon,ZH,186427379
Dietlikon,ZH,82851750
Dietwil,AG,17011693
Dinhard,ZH,26444291
Dintikon,AG,33060164
Disentis/Mustér,GR,36014767
Dittingen,BL,11983851
Dizy,VD,4342591
Domat/Ems,GR,73453125
Domleschg,GR,42475189
Dompierre (VD),VD,7437220
Donneloye,VD,15321484
Doppleschwand,LU,9374672
Dorf,ZH,10038394
Dornach,SO,64401840
Dorénaz,VS,13948794
Dottikon,AG,39162515
Dotzigen,BE,27685154
Dozwil,TG,13194639
Drei Höfe,SO,12542000
Duggingen,BL,22813021
Duillier,VD,14359777
Dulliken,SO,55928705
Dully,VD,9515770
Dägerlen,ZH,21504645
Dällikon,ZH,44715019
Däniken,SO,49662419
Dänikon,ZH,16471612
Därligen,BE,5260438
Därstetten,BE,17204897
Dättlikon,ZH,9766410
Démoret,VD,5606928
Dörflingen,SH,15177523
Döttingen,AG,41084080
Dübendorf,ZH,234007590
Düdingen,FR,95408970
Dürnten,ZH,87331244
Dürrenroth,BE,30401033
Dürrenäsch,AG,21649538
Ebikon,LU,88797744
Ebnat-Kappel,SG,79024626
Echallens,VD,54109442
Echandens,VD,28906059
Echarlens,FR,11337814
Echichens,VD,34629168
Eclépens,VD,25416098
Ecublens (FR),FR,6263701
Ecublens (VD),VD,134319926
Ederswiler,JU,4393519
Egerkingen,SO,60391531
Egg,ZH,97290023
Eggenwil,AG,10958255
Eggerberg,VS,6404558
Eggersriet,SG,27108230
Eggiwil,BE,59458239
Eglisau,ZH,49500268
Egliswil,AG,23962418
Egnach,TG,120004138
Egolzwil,LU,16098544
Ehrendingen,AG,42595580
Eich,LU,19504000
Eichberg,SG,23440951
Eiken,AG,31648774
Einsiedeln,SZ,209261895
Eischoll,VS,7660607
Eisten,VS,1933649
Elgg,ZH,62817319
Ellikon an der Thur,ZH,14667588
Elsau,ZH,41674175
Embd,VS,4449845
Embrach,ZH,82955311
Emmen,LU,214085215
Emmetten,NW,19164854
Endingen,AG,30458488
Engelberg,OW,63182989
Enges,NE,5457809
Ennetbaden,AG,27421508
Ennetbürgen,NW,42666044
Ennetmoos,NW,22364391
Entlebuch,LU,74988522
Epalinges,VD,73344883
Ependes (VD),VD,5923267
Eppenberg-Wöschnau,SO,6415683
Epsach,BE,7323426
Eptingen,BL,16363563
Ergisch,VS,4467369
Eriswil,BE,29431750
Eriz,BE,11549605
Erlach,BE,17577986
Erlen,TG,78290768
Erlenbach (ZH),ZH,56591185
Erlenbach im Simmental,BE,34450922
Erlinsbach (AG),AG,45608055
Erlinsbach (SO),SO,42386249
Ermatingen,TG,55364347
Ermensee,LU,14844206
Ernen,VS,12754598
Erschwil,SO,12403114
Ersigen,BE,43591175
Erstfeld,UR,33165685
Eschenbach (LU),LU,36684796
Eschenbach (SG),SG,126677838
Eschenz,TG,38168433
Eschert,BE,6313316
Eschlikon,TG,59614619
Escholzmatt-Marbach,LU,88544635
Essertines-sur-Rolle,VD,11970421
Essertines-sur-Yverdon,VD,17972757
Estavayer,FR,122774017
Etagnières,VD,15690430
Etoy,VD,50209920
Ettingen,BL,47064999
Ettiswil,LU,34861515
Etziken,SO,16586485
Evilard,BE,28268660
Evionnaz,VS,16577903
Evolène,VS,48204536
Eysins,VD,16730106
Fahrni,BE,14877272
Fahrwangen,AG,27999295
Fahy,JU,18347621
Faido,TI,71963915
Falera,GR,19566590
Faoug,VD,13881727
Farnern,BE,5369767
Fehraltorf,ZH,85571791
Fehren,SO,7878490
Felben-Wellhausen,TG,47333730
Feldbrunnen-St. Niklaus,SO,11562913
Felsberg,GR,22402384
Ferden,VS,3870911
Ferenbalm,BE,33123335
Ferpicloz,FR,4748124
Ferrera,GR,3184353
Ferreyres,VD,4108306
Feuerthalen,ZH,33310014
Feusisberg,SZ,70185619
Fey,VD,12659487
Fideris,GR,12479938
Fiesch,VS,21144883
Fieschertal,VS,5922563
Fiez,VD,7603337
Finhaut,VS,9377575
Finsterhennen,BE,10581616
Fischbach,LU,12297152
Fischbach-Göslikon,AG,19019104
Fischenthal,ZH,46970151
Fischingen,TG,59419627
Fisibach,AG,9234462
Fislisbach,AG,47782535
Flaach,ZH,27124887
Flawil,SG,122346011
Flerden,GR,3983624
Flims,GR,63269749
Flumenthal,SO,13141443
Flums,SG,113639674
Flurlingen,ZH,19110047
Fläsch,GR,10098939
Flüelen,UR,18962614
Flühli,LU,51751343
Fontaines-sur-Grandson,VD,3212375
Fontenais,JU,27810313
Forel (Lavaux),VD,39323424
Forst-Längenbühl,BE,13259894
Founex,VD,42159546
Fraubrunnen,BE,92873515
Frauenfeld,TG,325375385
Frauenkappelen,BE,21787872
Freienbach,SZ,164916744
Freienstein-Teufen,ZH,28243205
Freienwil,AG,10686456
Freimettigen,BE,6402548
Frenkendorf,BL,58770393
Fribourg,FR,224259183
Frick,AG,69969167
Froideville,VD,24359035
Frutigen,BE,103148638
Fräschels,FR,10451735
Fulenbach,SO,29997919
Full-Reuenthal,AG,16248488
Fully,VS,93765871
Furna,GR,8135141
Fällanden,ZH,71507352
Féchy,VD,14548349
Fétigny,FR,12568870
Füllinsdorf,BL,55012134
Fürstenau,GR,4901925
Gachnang,TG,66428702
Gais,AR,60170875
Gaiserwald,SG,78851946
Galgenen,SZ,57514299
Gals,BE,18271900
Gambarogno,TI,115250668
Gampel-Bratsch,VS,30730822
Gampelen,BE,21162687
Gams,SG,53387701
Gansingen,AG,16650369
Gebenstorf,AG,48420170
Gelterkinden,BL,74242848
Geltwil,AG,3743519
Gempen,SO,12935565
Genolier,VD,28669115
Genthod,GE,31313467
Genève,GE,724007891
Gerlafingen,SO,57440279
Geroldswil,ZH,38024602
Gersau,SZ,26969516
Gerzensee,BE,21454282
Geuensee,LU,27695913
Gibloux,FR,101770753
Giebenach,BL,11544190
Giez,VD,8391165
Giffers,FR,22201116
Gilly,VD,17155394
Gimel,VD,21767605
Gingins,VD,18327009
Giornico,TI,22795698
Gipf-Oberfrick,AG,41617676
Gisikon,LU,13000506
Giswil,OW,46374710
Givisiez,FR,51124871
Givrins,VD,15543456
Gland,VD,93520715
Glarus,GL,172045785
Glarus Nord,GL,312926095
Glarus Süd,GL,243164321
Glattfelden,ZH,45647921
Gletterens,FR,14919274
Goldach,SG,78272969
Gollion,VD,11805668
Gommiswald,SG,74534598
Goms,VS,32943749
Gondiswil,BE,20534846
Gonten,AI,41522890
Gontenschwil,AG,44605081
Gordola,TI,54905155
Gossau (SG),SG,208581113
Gossau (ZH),ZH,122226920
Gottlieben,TG,5846440
Goumoëns,VD,17346366
Graben,BE,6562101
Grabs,SG,127009007
Grancia,TI,14947265
Grancy,VD,8818166
Grandcour,VD,20028707
Grandevent,VD,3565004
Grandfontaine,JU,10016716
Grandson,VD,39168865
Grandval,BE,7943399
Grandvillard,FR,12566730
Granges (Veveyse),FR,15481791
Granges-Paccot,FR,40001064
Grangettes,FR,5076487
Gravesano,TI,14882266
Greifensee,ZH,33566734
Grellingen,BL,23791824
Grenchen,SO,178736080
Greng,FR,3534499
Grengiols,VS,6736933
Grens,VD,6046280
Greppen,LU,14467706
Gretzenbach,SO,37939308
Grimisuat,VS,41463835
Grindel,SO,6476025
Grindelwald,BE,95159175
Grolley,FR,22594099
Grono,GR,21997271
Grossaffoltern,BE,53529073
Grossdietwil,LU,16713575
Grosshöchstetten,BE,52570177
Grosswangen,LU,45666394
Grub (AR),AR,13551884
Gruyères,FR,33428433
Gryon,VD,42907667
Grächen,VS,27670080
Gränichen,AG,87587146
Grône,VS,28383390
Grüningen,ZH,54714464
Grüsch,GR,40505397
Gsteig,BE,21436107
Gsteigwiler,BE,6799899
Guggisberg,BE,44594729
Gunzgen,SO,28076977
Gurbrü,BE,6697743
Gurmels,FR,62106716
Gurtnellen,UR,8647581
Gurzelen,BE,14362796
Guttannen,BE,5412004
Guttet-Feschel,VS,10412808
Gy,GE,7578964
Gächlingen,SH,17373070
Göschenen,UR,7048578
Gündlischwand,BE,5461982
Günsberg,SO,17268433
Güttingen,TG,41847028
Habkern,BE,12664540
Habsburg,AG,6096200
Hagenbuch,ZH,21965801
Hagneck,BE,7417388
Hallau,SH,42522564
Hallwil,AG,13999690
Halten,SO,11705169
Hasle (LU),LU,29972307
Hasle bei Burgdorf,BE,58360474
Hasliberg,BE,36151968
Hauenstein-Ifenthal,SO,6540937
Hauptwil-Gottshaus,TG,46568315
Hausen (AG),AG,28606632
Hausen am Albis,ZH,59466940
Haut-Intyamon,FR,28775766
Haute-Ajoie,JU,36103759
Haute-Sorne,JU,106785322
Hautemorges,VD,62726817
Hauterive (FR),FR,34083468
Hauterive (NE),NE,18106608
Hauteville,FR,10755686
Hedingen,ZH,45182126
Hefenhofen,TG,32182579
Heiden,AR,49639687
Heiligenschwendi,BE,12672773
Heimberg,BE,67618205
Heimenhausen,BE,19408319
Heimiswil,BE,39951735
Heitenried,FR,20903057
Hellikon,AG,15279841
Hellsau,BE,3687772
Hemishofen,SH,8960470
Hemmiken,BL,8326052
Hendschiken,AG,16654304
Henggart,ZH,21773137
Henniez,VD,12199010
Herbetswil,SO,9144404
Herbligen,BE,8700967
Herdern,TG,33494717
Hergiswil (NW),NW,44870221
Hergiswil bei Willisau,LU,33086296
Herisau,AR,188238141
Hermance,GE,11014789
Hermenches,VD,7587563
Hermrigen,BE,5520059
Herrliberg,ZH,75614627
Hersberg,BL,5081944
Herznach-Ueken,AG,32933664
Herzogenbuchsee,BE,93475769
Hettlingen,ZH,39075796
Hildisrieden,LU,25654562
Hilterfingen,BE,41640595
Himmelried,SO,14264182
Hindelbank,BE,36588883
Hinwil,ZH,194821352
Hirschthal,AG,23630333
Hittnau,ZH,53390013
Hitzkirch,LU,83656951
Hochdorf,LU,96361969
Hochfelden,ZH,20946172
Hochwald,SO,20124365
Hofstetten bei Brienz,BE,11274196
Hofstetten-Flüh,SO,39620032
Hohenrain,LU,35768160
Hohentannen,TG,23525957
Holderbank (AG),AG,13010791
Holderbank (SO),SO,10232799
Holziken,AG,15365317
Homberg,BE,10943419
Hombrechtikon,ZH,103090232
Homburg,TG,59392368
Honau,LU,5356531
Horgen,ZH,194784593
Horn,TG,35292201
Horrenbach-Buchen,BE,7118719
Horriwil,SO,13790117
Horw,LU,95094321
Hospental,UR,3699060
Hubersdorf,SO,9616306
Hundwil,AR,31870384
Hunzenschwil,AG,51373296
Huttwil,BE,95807930
Häfelfingen,BL,7096008
Hägendorf,SO,69688404
Häggenschwil,SG,16642771
Hägglingen,AG,32140986
Härkingen,SO,48083056
Häutligen,BE,5452650
Hérémence,VS,41076758
Höchstetten,BE,7141750
Hölstein,BL,33010583
Höri,ZH,29209481
Hünenberg,ZG,111718182
Hüniken,SO,2397313
Hüntwangen,ZH,17699658
Hüttikon,ZH,7234244
Hüttlingen,TG,22805387
Hüttwilen,TG,49753264
Icogne,VS,12397965
Iffwil,BE,8337852
Ilanz/Glion,GR,79142697
Illgau,SZ,14282147
Illnau-Effretikon,ZH,172816002
Inden,VS,2559528
Ingenbohl,SZ,82824798
Inkwil,BE,11195694
Innerthal,SZ,5767756
Innertkirchen,BE,22665922
Ins,BE,56125848
Interlaken,BE,73933297
Inwil,LU,30923856
Ipsach,BE,31277263
Iseltwald,BE,8655063
Isenthal,UR,5123187
Islisberg,AG,9362876
Isone,TI,7501404
Isérables,VS,11070274
Itingen,BL,28597714
Ittigen,BE,91728676
Jaberg,BE,3900566
Jaun,FR,12795141
Jegenstorf,BE,70986143
Jenaz,GR,19412209
Jenins,GR,12355878
Jens,BE,13226064
Jonen,AG,27807376
Jongny,VD,16103046
Jonschwil,SG,69232521
Jorat-Menthue,VD,28761068
Jorat-Mézières,VD,45732279
Jouxtens-Mézery,VD,19560850
Juriens,VD,6223990
Jussy,GE,24255697
Kaiseraugst,AG,47934570
Kaisten,AG,41069948
Kallern,AG,5574421
Kallnach,BE,49930407
Kaltbrunn,SG,57281642
Kammersrohr,SO,955263
Kandergrund,BE,14883660
Kandersteg,BE,30278433
Kappel (SO),SO,34040196
Kappel am Albis,ZH,25152893
Kappelen,BE,33162492
Kaufdorf,BE,12919003
Kehrsatz,BE,34581459
Kemmental,TG,81506452
Kernenried,BE,9693556
Kerns,OW,69591701
Kerzers,FR,74404934
Kesswil,TG,24372155
Kestenholz,SO,31582389
Kienberg,SO,9943052
Kiesen,BE,13264923
Kilchberg (BL),BL,4032840
Kilchberg (ZH),ZH,72034191
Killwangen,AG,19831172
Kippel,VS,4892615
Kirchberg (BE),BE,78742557
Kirchberg (SG),SG,137662954
Kirchdorf (BE),BE,34068558
Kirchleerau,AG,13962797
Kirchlindach,BE,41479183
Kleinandelfingen,ZH,32856464
Kleinbösingen,FR,9142024
Kleinlützel,SO,20963703
Klingnau,AG,37136087
Klosters,GR,97470799
Kloten,ZH,200830609
Knonau,ZH,33273650
Knutwil,LU,32371005
Koblenz,AG,21659574
Konolfingen,BE,72652754
Koppigen,BE,35736025
Kradolf-Schönenberg,TG,64727904
Krattigen,BE,15820292
Krauchthal,BE,38598708
Kreuzlingen,TG,215743496
Kriechenwil,BE,8886589
Kriegstetten,SO,15853656
Kriens,LU,168980845
Känerkinden,BL,8760652
Kölliken,AG,58141133
Köniz,BE,354182842
Küblis,GR,14167827
Künten,AG,20137456
Küsnacht (ZH),ZH,148094235
Küssnacht (SZ),SZ,148638979
Küttigen,AG,67654397
L'Abbaye,VD,25610856
L'Abergement,VD,4985845
L'Isle,VD,21883863
La Baroche,JU,31906645
La Brillaz,FR,24358853
La Brévine,NE,23417545
La Chaux (Cossonay),VD,7582374
La Chaux-de-Fonds,NE,296958099
La Chaux-du-Milieu,NE,11643796
La Côte-aux-Fées,NE,12751836
La Ferrière,BE,13764120
La Grande Béroche,NE,108244208
La Neuveville,BE,37504691
La Praz,VD,4093169
La Punt Chamues-ch,GR,18077158
La Rippe,VD,14733955
La Roche,FR,27016535
La Sagne,NE,22666866
La Sarraz,VD,24994143
La Sonnaz,FR,16359133
La Tour-de-Peilz,VD,71717228
La Tène,NE,57142506
La Verrerie,FR,26028688
Laax,GR,47583378
Lachen,SZ,70992254
Laconnex,GE,8152189
Lajoux (JU),JU,15284050
Lalden,VS,7635439
Lamone,TI,23939196
Lampenberg,BL,9682117
Lancy,GE,158652918
Landiswil,BE,16228172
Landquart,GR,101280913
Langenbruck,BL,21918600
Langendorf,SO,38895710
Langenthal,BE,214566227
Langnau am Albis,ZH,61486591
Langnau im Emmental,BE,145811538
Langrickenbach,TG,39873853
Lantsch/Lenz,GR,16345761
Lauenen,BE,18757796
Lauerz,SZ,16583828
Laufen,BL,85445510
Laufen-Uhwiesen,ZH,23332983
Laufenburg,AG,44914688
Laupen,BE,36017994
Laupersdorf,SO,27833648
Lauperswil,BE,60776324
Lausanne,VD,671649221
Lausen,BL,50119237
Lauterbrunnen,BE,61405969
Lauwil,BL,7613783
Lavertezzo,TI,18732883
Lavey-Morcles,VD,10972527
Lavigny,VD,14868201
Lavizzara,TI,14944403
Lax,VS,6986088
Le Bémont (JU),JU,11037620
Le Cerneux-Péquignot,NE,7932065
Le Chenit,VD,68554994
Le Châtelard,FR,10280276
Le Flon,FR,21357186
Le Grand-Saconnex,GE,104439426
Le Landeron,NE,41934833
Le Lieu,VD,18650483
Le Locle,NE,120694085
Le Mont-sur-Lausanne,VD,100740508
Le Mouret,FR,46209459
Le Noirmont,JU,31528444
Le Pâquier (FR),FR,14444487
Le Vaud,VD,16437473
Leibstadt,AG,22884020
Leimbach (AG),AG,10600997
Leissigen,BE,14616228
Lengnau (AG),AG,37122029
Lengnau (BE),BE,55853007
Lengwil,TG,43324190
Lenk,BE,71797145
Lens,VS,80237984
Lenzburg,AG,116193035
Les Bois,JU,24079200
Les Breuleux,JU,30266119
Les Clées,VD,3580072
Les Enfers,JU,4237561
Les Genevez (JU),JU,14806578
Les Montets,FR,23275000
Les Planchettes,NE,5522853
Les Ponts-de-Martel,NE,21415774
Les Verrières,NE,19454598
Leuggern,AG,37007913
Leuk,VS,75727299
Leukerbad,VS,32047819
Leutwil,AG,14020230
Leuzigen,BE,25369442
Leysin,VD,51079958
Leytron,VS,53859925
Lichtensteig,SG,20326971
Liddes,VS,14712439
Liedertswil,BL,3402340
Liesberg,BL,31231790
Liestal,BL,165560187
Ligerz,BE,7538333
Lignerolle,VD,7518637
Lignières,NE,15127426
Lindau,ZH,58252251
Linden,BE,26922327
Linescio,TI,1873329
Locarno,TI,142362993
Lohn (SH),SH,11288191
Lohn-Ammannsegg,SO,38417109
Lommis,TG,28119496
Lommiswil,SO,20338096
Lonay,VD,33934118
Longirod,VD,7874616
Losone,TI,81233814
Lostallo,GR,10847830
Lostorf,SO,56426560
Lotzwil,BE,36632400
Lovatens,VD,4578928
Loveresse,BE,6401030
Lucens,VD,59892290
Lufingen,ZH,18749585
Lugano,TI,538872505
Luins,VD,7892733
Lully (FR),FR,13208263
Lully (VD),VD,10765130
Lumino,TI,18209235
Lumnezia,GR,52079760
Lungern,OW,28008819
Lupfig,AG,53216435
Lupsingen,BL,18607418
Lussery-Villars,VD,6114330
Lussy-sur-Morges,VD,8463340
Luterbach,SO,39778268
Luthern,LU,29321912
Lutry,VD,97312202
Lutzenberg,AR,15679282
Luzein,GR,41718817
Luzern,LU,468449969
Lyss,BE,164609349
Lyssach,BE,31841580
Läufelfingen,BL,27379731
Löhningen,SH,22171954
Lüscherz,BE,9366110
Lüsslingen-Nennigkofen,SO,21374369
Lüterkofen-Ichertswil,SO,14533477
Lüterswil-Gächliwil,SO,8577066
Lütisburg,SG,38808743
Lütschental,BE,3612268
Lützelflüh,BE,84459361
Madiswil,BE,67179556
Madulain,GR,7086756
Magden,AG,42786003
Maggia,TI,40547235
Magliaso,TI,23101922
Maienfeld,GR,43844638
Maisprach,BL,17922454
Malans,GR,32632252
Malters,LU,73661448
Mammern,TG,15107686
Mandach,AG,6757045
Manno,TI,26537746
Maracon,VD,9999853
Marbach (SG),SG,41919524
Marchissy,VD,6125679
Marly,FR,75081633
Marsens,FR,27680155
Marthalen,ZH,48212329
Martigny,VS,199960017
Martigny-Combe,VS,30174515
Maschwanden,ZH,15453719
Masein,GR,5809618
Massagno,TI,30588126
Massongex,VS,16755740
Massonnens,FR,9351204
Mathod,VD,9673163
Matran,FR,26766668
Matten bei Interlaken,BE,42429791
Mattstetten,BE,9183411
Matzendorf,SO,23734077
Matzingen,TG,47622859
Mauborget,VD,3613066
Mauensee,LU,15987099
Maur,ZH,104340339
Mauraz,VD,1068721
Medel (Lucmagn),GR,8117646
Meggen,LU,66636872
Meienried,BE,1767457
Meierskappel,LU,20928356
Meikirch,BE,37185713
Meilen,ZH,132313884
Meinier,GE,22929630
Meinisberg,BE,19691636
Meiringen,BE,67857584
Meisterschwanden,AG,40182930
Melchnau,BE,31427100
Melide,TI,14982809
Mellikon,AG,4280006
Mellingen,AG,50001580
Mels,SG,141354929
Meltingen,SO,9082565
Mendrisio,TI,242224754
Menziken,AG,77780258
Menzingen,ZG,75889352
Menznau,LU,61087271
Merenschwand,AG,50272121
Mergoscia,TI,8891713
Merishausen,SH,12919871
Mervelier,JU,9919777
Merzligen,BE,7359765
Mesocco,GR,30575239
Messen,SO,30061245
Mettauertal,AG,37988946
Mettembert,JU,2088674
Mettmenstetten,ZH,79554121
Metzerlen-Mariastein,SO,17262095
Mex (VD),VD,9169185
Meyriez,FR,8330222
Meyrin,GE,191490152
Mezzovico-Vira,TI,30939844
Mies,VD,25489813
Miglieglia,TI,4701953
Milvignes,NE,89305468
Minusio,TI,73019015
Mirchel,BE,10525546
Misery-Courtion,FR,25184846
Missy,VD,7892517
Moiry,VD,6131186
Mollens (VD),VD,8131606
Molondin,VD,7408138
Mont-Noble,VS,31230852
Mont-Tramelan,BE,4047869
Mont-Vully,FR,62266352
Mont-la-Ville,VD,8453583
Mont-sur-Rolle,VD,25682764
Montagny (FR),FR,35473135
Montagny-près-Yverdon,VD,23082048
Montanaire,VD,59859149
Montcherand,VD,7430478
Monteceneri,TI,57475851
Montet (Glâne),FR,5663210
Montfaucon,JU,17543417
Monthey,VS,126510404
Montilliez,VD,28417174
Montpreveyres,VD,8564840
Montreux,VD,179445835
Montricher,VD,15410842
Moosleerau,AG,13434495
Moosseedorf,BE,51643077
Morbio Inferiore,TI,47759524
Morcote,TI,15764897
Morges,VD,94046077
Morlon,FR,7132440
Morrens (VD),VD,12903758
Morschach,SZ,22844938
Mosnang,SG,46264160
Moudon,VD,74299591
Moutier,BE,81800598
Movelier,JU,9183817
Muhen,AG,51024456
Mumpf,AG,14735365
Muntelier,FR,13500808
Muntogna da Schons,GR,9931637
Muolen,SG,21736888
Muotathal,SZ,71277541
Muralto,TI,24848862
Murgenthal,AG,49346758
Muri (AG),AG,91187746
Muri bei Bern,BE,126440906
Muriaux,JU,14913591
Murten,FR,123432451
Mutrux,VD,2344598
Muttenz,BL,204240246
Muzzano,TI,19077504
Mägenwil,AG,33994763
Männedorf,ZH,90815174
Märstetten,TG,62207487
Ménières,FR,6701415
Mézières (FR),FR,18392582
Möhlin,AG,140116350
Mönchaltorf,ZH,50766271
Mönthal,AG,9100776
Mörel-Filet,VS,11643856
Mörigen,BE,14021747
Möriken-Wildegg,AG,55043012
Mörschwil,SG,42479647
Mühlau,AG,16596076
Mühleberg,BE,59957618
Müllheim,TG,39464716
Mülligen,AG,11498454
Mümliswil-Ramiswil,SO,43898813
Münchenbuchsee,BE,98627345
Münchenstein,BL,140765521
Münchenwiler,BE,8375743
Münchwilen (AG),AG,14193408
Münchwilen (TG),TG,70707989
Münsingen,BE,126291967
Münsterlingen,TG,44737988
Müntschemier,BE,24905952
Naters,VS,96688539
Nebikon,LU,40098456
Neckertal,SG,113854108
Neerach,ZH,35814816
Neftenbach,ZH,66910251
Neggio,TI,5301196
Nendaz,VS,137684275
Nenzlingen,BL,8143595
Nesslau,SG,79064973
Neuchâtel,NE,314325217
Neuendorf,SO,68650379
Neuenegg,BE,71950259
Neuenhof,AG,48136739
Neuenkirch,LU,67283260
Neuhausen am Rheinfall,SH,78939414
Neuheim,ZG,35793613
Neunforn,TG,29073806
Neunkirch,SH,33384018
Neyruz (FR),FR,26799291
Nidau,BE,47316594
Niederbipp,BE,92168218
Niederbuchsiten,SO,17700232
Niederbüren,SG,29500624
Niederdorf,BL,25735790
Niedergesteln,VS,13842431
Niederglatt,ZH,40468494
Niedergösgen,SO,47432195
Niederhasli,ZH,79791720
Niederhelfenschwil,SG,65904658
Niederhünigen,BE,9731494
Niederlenz,AG,50420285
Niedermuhlern,BE,13376526
Niederried bei Interlaken,BE,5969605
Niederrohrdorf,AG,30964306
Niederweningen,ZH,30252536
Niederwil (AG),AG,33763336
Niederönz,BE,26613140
Noble-Contrée,VS,52927022
Nods,BE,16980303
Nottwil,LU,41209917
Novaggio,TI,11686930
Novalles,VD,2790504
Novazzano,TI,45674224
Noville,VD,18745837
Nuglar-St. Pantaleon,SO,20222597
Nunningen,SO,28640587
Nusshof,BL,4603823
Nuvilly,FR,6726001
Nyon,VD,127895154
Nürensdorf,ZH,57727305
Oberbalm,BE,21623213
Oberbipp,BE,32888805
Oberbuchsiten,SO,29423978
Oberburg,BE,44326296
Oberbüren,SG,67166780
Oberdiessbach,BE,58024123
Oberdorf (BL),BL,32491098
Oberdorf (NW),NW,29220638
Oberdorf (SO),SO,24092503
Oberegg,AI,35802216
Oberembrach,ZH,17018419
Oberems,VS,3912101
Oberengstringen,ZH,38760391
Oberentfelden,AG,82611182
Obergerlafingen,SO,19654377
Oberglatt,ZH,44664565
Obergoms,VS,25014479
Obergösgen,SO,24241813
Oberhallau,SH,10453134
Oberhof,AG,10165558
Oberhofen am Thunersee,BE,30029875
Oberhünigen,BE,6584841
Oberiberg,SZ,26332206
Oberkirch,LU,46539813
Oberkulm,AG,40919049
Oberlangenegg,BE,12309552
Oberlunkhofen,AG,22076530
Obermumpf,AG,13388406
Oberried am Brienzersee,BE,8266595
Oberrieden,ZH,38777752
Oberriet (SG),SG,163584501
Oberrohrdorf,AG,40141256
Oberrüti,AG,23035595
Obersaxen Mundaun,GR,41324110
Obersiggenthal,AG,64865868
Oberthal,BE,19563737
Oberuzwil,SG,64327236
Oberweningen,ZH,17919700
Oberwil (BL),BL,108459959
Oberwil bei Büren,BE,17165780
Oberwil im Simmental,BE,18426001
Oberwil-Lieli,AG,34276218
Oberägeri,ZG,83942241
Obfelden,ZH,62628809
Ochlenberg,BE,19404516
Oekingen,SO,11127444
Oensingen,SO,95370338
Oeschenbach,BE,7790869
Oeschgen,AG,16296836
Oetwil am See,ZH,57129524
Oetwil an der Limmat,ZH,20384580
Oftringen,AG,148303667
Ogens,VD,6243034
Ollon,VD,138279865
Olsberg,AG,6571438
Olten,SO,168683054
Oltingen,BL,12350048
Onex,GE,63455751
Onnens (VD),VD,22041188
Onsernone,TI,22784001
Opfikon,ZH,123526232
Oppens,VD,4926029
Oppligen,BE,10100777
Orbe,VD,73781080
Orges,VD,6519208
Origlio,TI,19394285
Ormalingen,BL,36680395
Ormont-Dessous,VD,45119624
Ormont-Dessus,VD,49784474
Orny,VD,6297594
Oron,VD,90414957
Orpund,BE,29030395
Orselina,TI,18808708
Orsières,VS,71884063
Orvin,BE,22461717
Orzens,VD,6318000
Ossingen,ZH,27179172
Ostermundigen,BE,101543526
Otelfingen,ZH,47051143
Othmarsingen,AG,29322093
Ottenbach,ZH,39255332
Oulens-sous-Echallens,VD,9111628
Pailly,VD,11627439
Paradiso,TI,20038013
Paudex,VD,12207967
Payerne,VD,107350598
Penthalaz,VD,33682813
Penthaz,VD,19031851
Penthéréaz,VD,7851706
Perly-Certoux,GE,21763334
Perrefitte,BE,7646192
Perroy,VD,20725947
Personico,TI,4870235
Petit-Val,BE,12428841
Pfaffnau,LU,44429483
Pfeffingen,BL,26836248
Pfungen,ZH,36427274
Pfyn,TG,35190526
Pfäfers,SG,42449010
Pfäffikon,ZH,137265180
Pierrafortscha,FR,4297738
Pieterlen,BE,45820354
Plaffeien,FR,66164099
Plan-les-Ouates,GE,114534354
Plasselb,FR,16419037
Plateau de Diesse,BE,37902928
Pleigne,JU,9078172
Pohlern,BE,4680070
Poliez-Pittet,VD,11441161
Pollegio,TI,9012183
Pompaples,VD,10115896
Pomy,VD,14224781
Pont-en-Ogoz,FR,29769204
Pont-la-Ville,FR,11223349
Ponte Capriasca,TI,19081981
Ponthaux,FR,10603482
Pontresina,GR,37360459
Porrentruy,JU,94773384
Port,BE,34121355
Port-Valais,VS,34582832
Porza,TI,25914276
Poschiavo,GR,56420625
Prangins,VD,41885913
Prato (Leventina),TI,7568695
Pratteln,BL,193809489
Pregny-Chambésy,GE,41889271
Premier,VD,4576387
Presinge,GE,8577788
Prez,FR,33034192
Prilly,VD,66031223
Provence,VD,10176694
Préverenges,VD,36571844
Prévondavaux,FR,1921855
Prévonloup,VD,3618312
Puidoux,VD,53512508
Pully,VD,115827447
Puplinge,GE,18229209
Pura,TI,20359111
Péry-La Heutte,BE,25139884
Quarten,SG,59239228
Quinto,TI,28600930
Radelfingen,BE,30053304
Rafz,ZH,48587143
Rain,LU,27696956
Ramlinsburg,BL,10863708
Ramsen,SH,28560326
Rances,VD,9404481
Randa,VS,5410779
Raperswilen,TG,18394402
Rapperswil (BE),BE,58838395
Rapperswil-Jona,SG,247773837
Raron,VS,26101526
Realp,UR,3157556
Rebstein,SG,62344830
Rebévelier,BE,1170509
Recherswil,SO,25280120
Rechthalten,FR,19106940
Reconvilier,BE,28723669
Regensberg,ZH,5325578
Regensdorf,ZH,188658779
Rehetobel,AR,25427365
Reichenbach im Kandertal,BE,76856894
Reichenburg,SZ,53571404
Reiden,LU,95732685
Reigoldswil,BL,26674599
Reinach (AG),AG,109523080
Reinach (BL),BL,156070617
Reisiswil,BE,4644300
Reitnau,AG,29807879
Remaufens,FR,13276506
Remetschwil,AG,24610914
Remigen,AG,16771624
Renan (BE),BE,15069400
Renens (VD),VD,116002105
Rennaz,VD,13281921
Reute (AR),AR,12205529
Reutigen,BE,16029096
Rheinau,ZH,26047477
Rheineck,SG,37957778
Rheinfelden,AG,93942683
Rheinwald,GR,15777112
Rhäzüns,GR,14965983
Riaz,FR,31225515
Richterswil,ZH,113601527
Rickenbach (BL),BL,10332476
Rickenbach (LU),LU,42827095
Rickenbach (SO),SO,18994850
Rickenbach (TG),TG,27998661
Rickenbach (ZH),ZH,35141370
Riddes,VS,59923659
Ried bei Kerzers,FR,58596831
Ried-Brig,VS,26092189
Riederalp,VS,20436581
Riedholz,SO,31001845
Riehen,BS,147390801
Riemenstalden,SZ,2897815
Rifferswil,ZH,22738070
Riggisberg,BE,55333066
Ringgenberg (BE),BE,34575466
Riniken,AG,15503020
Risch,ZG,88801843
Riva San Vitale,TI,35132470
Rivaz,VD,3724769
Riviera,TI,49261927
Roche (VD),VD,24523527
Rochefort,NE,19586321
Roches (BE),BE,3677899
Rodersdorf,SO,17251511
Roggenburg,BL,8831233
Roggliswil,LU,13262550
Roggwil (BE),BE,62677995
Roggwil (TG),TG,61965025
Rohrbach,BE,28205955
Rohrbachgraben,BE,11289052
Rolle,VD,54102676
Romainmôtier-Envy,VD,7433851
Romanel-sur-Lausanne,VD,37393380
Romanel-sur-Morges,VD,10282169
Romanshorn,TG,140893645
Romont (BE),BE,3862945
Romont (FR),FR,63882684
Romoos,LU,16100889
Ronco sopra Ascona,TI,23239095
Rongellen,GR,1037036
Root,LU,49687421
Ropraz,VD,9657443
Rorbas,ZH,23377595
Rorschach,SG,70007781
Rorschacherberg,SG,52704252
Rossa,GR,3732005
Rossemaison,JU,9309095
Rossenges,VD,1731145
Rossinière,VD,14807922
Rothenbrunnen,GR,4864315
Rothenburg,LU,83863937
Rothenfluh,BL,15510199
Rothenthurm,SZ,35209039
Rothrist,AG,127720413
Rottenschwil,AG,12120908
Rougemont,VD,33048667
Roveredo (GR),GR,32211044
Rovray,VD,5490111
Rubigen,BE,34028179
Rudolfstetten-Friedlisberg,AG,36427623
Rue,FR,26068615
Rueyres,VD,6565928
Rumendingen,BE,3827981
Rumisberg,BE,9353088
Rupperswil,AG,67949101
Russikon,ZH,66242053
Russin,GE,8955444
Ruswil,LU,84279888
Römerswil,LU,25173183
Röschenz,BL,27340689
Röthenbach im Emmental,BE,30534585
Rüderswil,BE,49611501
Rüdlingen,SH,13555876
Rüdtligen-Alchenflüh,BE,32854662
Rüeggisberg,BE,50092197
Rüegsau,BE,53427621
Rüfenach,AG,17199246
Rümlang,ZH,93687511
Rümlingen,BL,8661881
Rünenberg,BL,15163556
Rüschegg,BE,37048916
Rüschlikon,ZH,51566889
Rüthi (SG),SG,47407779
Rüti (ZH),ZH,121716570
Rüti bei Büren,BE,18161101
Rüti bei Lyssach,BE,3744029
Rütschelen,BE,11342872
Rüttenen,SO,19440369
S-chanf,GR,15693653
Saanen,BE,162335963
Saas-Almagell,VS,6073339
Saas-Balen,VS,4727112
Saas-Fee,VS,32502243
Saas-Grund,VS,15382908
Sachseln,OW,50420905
Safenwil,AG,56490256
Safiental,GR,20569009
Safnern,BE,29218073
Sagogn,GR,11734624
Saicourt,BE,15475836
Saignelégier,JU,46797725
Saillon,VS,34091314
Saint-Aubin (FR),FR,31865468
Saint-Barthélemy (VD),VD,11174427
Saint-Blaise,NE,32201612
Saint-Brais,JU,8108581
Saint-Cergue,VD,28237561
Saint-George,VD,14160980
Saint-Gingolph,VS,11999065
Saint-Imier,BE,53204650
Saint-Livres,VD,10167978
Saint-Léonard,VS,24393112
Saint-Martin (FR),FR,21660278
Saint-Martin (VS),VS,13112733
Saint-Maurice,VS,42941089
Saint-Oyens,VD,5658696
Saint-Prex,VD,52922579
Saint-Saphorin (Lavaux),VD,5051989
Saint-Sulpice (VD),VD,31757723
Sainte-Croix,VD,67265287
Salenstein,TG,26747208
Salgesch,VS,27158571
Salmsach,TG,27493401
Salvan,VS,27698919
Samedan,GR,49899713
Samnaun,GR,17929639
San Vittore,GR,15722225
Sant'Antonino,TI,45101902
Santa Maria in Calanca,GR,4121234
Sargans,SG,65015859
Sarmenstorf,AG,37867811
Sarnen,OW,118100224
Satigny,GE,113622315
Sattel,SZ,39466576
Saubraz,VD,5493939
Sauge,BE,14743059
Saulcy,JU,6328087
Saules (BE),BE,3346560
Savigny,VD,52370384
Savièse,VS,106089118
Savosa,TI,21674974
Saxeten,BE,2856449
Saxon,VS,66707027
Schaffhausen,SH,341476640
Schafisheim,AG,59580889
Schangnau,BE,24521928
Scharans,GR,11578839
Schattdorf,UR,54390854
Schattenhalb,BE,10985801
Schelten,BE,1349921
Schenkon,LU,31618727
Scheuren,BE,8641858
Schiers,GR,39541782
Schinznach,AG,39349779
Schlatt (TG),TG,44322562
Schlatt (ZH),ZH,13895639
Schlatt-Haslen,AI,34919651
Schleinikon,ZH,9475615
Schleitheim,SH,36490511
Schlierbach,LU,12222941
Schlieren,ZH,150823957
Schlossrued,AG,18451249
Schluein,GR,11986872
Schmerikon,SG,46892392
Schmiedrued,AG,23809722
Schmitten (FR),FR,54600018
Schmitten (GR),GR,5351195
Schneisingen,AG,21077178
Schnottwil,SO,20348036
Schongau,LU,20107313
Schupfart,AG,14546438
Schwaderloch,AG,11179139
Schwadernau,BE,12902627
Schwanden bei Brienz,BE,9476951
Schwarzenberg,LU,23104280
Schwarzenburg,BE,129593811
Schwarzhäusern,BE,9797004
Schwellbrunn,AR,28621772
Schwende-Rüte,AI,117139370
Schwerzenbach,ZH,44758907
Schwyz,SZ,194055156
Schänis,SG,57646811
Schöfflisdorf,ZH,18038434
Schöftland,AG,50615857
Schönenbuch,BL,19364645
Schönengrund,AR,9633739
Schönenwerd,SO,55926900
Schönholzerswilen,TG,31611111
Schötz,LU,51154238
Schübelbach,SZ,78877240
Schüpfen,BE,60393181
Schüpfheim,LU,65013910
Scuol,GR,104181152
Seeberg,BE,35911214
Seedorf (BE),BE,61296855
Seedorf (UR),UR,21242464
Seegräben,ZH,21360033
Seehof,BE,1656348
Seelisberg,UR,10988138
Seengen,AG,49298672
Seewen,SO,19040763
Seewis im Prättigau,GR,24981109
Seftigen,BE,29727292
Seltisberg,BL,19033849
Selzach,SO,51447865
Sembrancher,VS,13158461
Sempach,LU,42175793
Semsales,FR,24053240
Senarclens,VD,7502804
Sennwald,SG,126260188
Seon,AG,74269659
Sergey,VD,2809896
Serravalle,TI,33872825
Servion,VD,28745829
Seuzach,ZH,71255756
Sevelen,SG,70812272
Siblingen,SH,16628577
Sierre,VS,180160423
Siglistorf,AG,8486032
Signau,BE,56261348
Signy-Avenex,VD,8724456
Sigriswil,BE,79834160
Silenen,UR,22409578
Sils im Domleschg,GR,11675572
Sils im Engadin/Segl,GR,22805382
Silvaplana,GR,29606388
Simplon,VS,7651947
Sins,AG,70652488
Sion,VS,328953428
Sirnach,TG,91374041
Siselen,BE,14700354
Sisikon,UR,3807292
Sissach,BL,87904239
Sisseln,AG,26412293
Siviriez,FR,44628525
Soazza,GR,4435149
Solothurn,SO,172811133
Sommeri,TG,18216512
Sonceboz-Sombeval,BE,27180176
Sonvilier,BE,23478309
Soral,GE,8106492
Sorengo,TI,19197088
Sorens,FR,18538930
Sorvilier,BE,5827686
Soubey,JU,4873969
Soyhières,JU,7069079
Speicher,AR,54187902
Spiez,BE,138818276
Spiringen,UR,14233531
Spreitenbach,AG,100578897
St. Gallen,SG,607340608
St. Margrethen,SG,71093815
St. Moritz,GR,91605172
St. Niklaus,VS,28137743
St. Silvester,FR,17237919
St. Stephan,BE,31564568
St. Ursen,FR,24476383
Stabio,TI,101873857
Stadel,ZH,29780509
Staffelbach,AG,21166792
Stalden (VS),VS,14355204
Staldenried,VS,7979788
Stallikon,ZH,43285999
Stammheim,ZH,62628840
Stans,NW,85639793
Stansstad,NW,37151300
Starrkirch-Wil,SO,16794002
Staufen,AG,29573161
Steckborn,TG,53702561
Steffisburg,BE,151675798
Steg-Hohtenn,VS,36899184
Stein (AG),AG,33662310
Stein (AR),AR,32853557
Stein am Rhein,SH,48966919
Steinach,SG,43782478
Steinen,SZ,36625675
Steinerberg,SZ,17062936
Steinhausen,ZG,83988647
Steinmaur,ZH,43932326
Stetten (AG),AG,28605963
Stetten (SH),SH,16731132
Stettfurt,TG,26534575
Stettlen,BE,35570347
Stocken-Höfen,BE,18195551
Strengelbach,AG,52070409
Studen (BE),BE,39609739
Stäfa,ZH,134614805
Stüsslingen,SO,20097892
Subingen,SO,43328053
Suchy,VD,10448768
Sufers,GR,2786617
Suhr,AG,98130501
Sulgen,TG,76784735
Sullens,VD,13739957
Sumiswald,BE,115993951
Sumvitg,GR,21796412
Surpierre,FR,22368068
Sursee,LU,111674611
Surses,GR,69776435
Suscévaz,VD,3502545
Sutz-Lattrigen,BE,17925083
Syens,VD,3640257
Sâles,FR,36681441
Sévaz,FR,7781697
Tafers,FR,117417900
Tamins,GR,13417912
Tannay,VD,19666364
Tartegnin,VD,3017218
Tavannes,BE,43822315
Tecknau,BL,9794927
Tegerfelden,AG,18780399
Tenero-Contra,TI,30861818
Tenniken,BL,14537274
Tentlingen,FR,18864522
Termen,VS,16377151
Terre di Pedemonte,TI,38702622
Teufen (AR),AR,77756893
Teufenthal (AG),AG,23228113
Teuffenthal (BE),BE,4626678
Thal,SG,95186476
Thalheim (AG),AG,15860262
Thalheim an der Thur,ZH,16391067
Thalwil,ZH,114266867
Thayngen,SH,81098815
Therwil,BL,86623032
Thierachern,BE,29133993
Thun,BE,408120704
Thundorf,TG,39607356
Thunstetten,BE,62897310
Thurnen,BE,28090578
Thusis,GR,34630930
Thônex,GE,89567102
Thörigen,BE,20139609
Thürnen,BL,15485617
Titterten,BL,9439372
Tobel-Tägerschen,TG,35229617
Toffen,BE,32419425
Tolochenaz,VD,28673250
Torny,FR,16380674
Torricella-Taverne,TI,38036671
Trachselwald,BE,27741196
Tramelan,BE,66462744
Trasadingen,SH,13272909
Treiten,BE,9320953
Tresa,TI,56685481
Trey,VD,10554660
Treycovagnes,VD,6211282
Treytorrens (Payerne),VD,4331020
Treyvaux,FR,23919716
Triengen,LU,64416043
Trient,VS,3685118
Trimbach,SO,56307828
Trimmis,GR,34319532
Trin,GR,21804631
Trogen,AR,33121369
Troinex,GE,22546569
Troistorrents,VS,86498100
Trub,BE,38090309
Trubschachen,BE,26467832
Trun,GR,20972314
Truttikon,ZH,8178747
Trélex,VD,20014349
Trüllikon,ZH,17865246
Tschappina,GR,4684820
Tschiertschen-Praden,GR,10265528
Tschugg,BE,8521722
Tuggen,SZ,62841099
Tujetsch,GR,31311559
Turbenthal,ZH,62013081
Turgi,AG,20681324
Turtmann-Unterems,VS,18904159
Twann-Tüscherz,BE,18097922
Tägerig,AG,15555752
Tägerwilen,TG,82429036
Täsch,VS,12468862
Täuffelen,BE,37805199
Tévenon,VD,12595856
Törbel,VS,9548421
Tübach,SG,20576638
Udligenswil,LU,25465628
Ueberstorf,FR,38508681
Uebeschi,BE,11520460
Uerkheim,AG,20794550
Uesslingen-Buch,TG,36150575
Uetendorf,BE,87431342
Uetikon am See,ZH,61850082
Uezwil,AG,7098948
Ufhusen,LU,19358840
Uitikon,ZH,50683969
Ulmiz,FR,8895114
Unterbäch,VS,9302430
Untereggen,SG,14001457
Unterengstringen,ZH,37364244
Unterentfelden,AG,48279711
Unteriberg,SZ,50882329
Unterkulm,AG,39934239
Unterlangenegg,BE,20486897
Unterlunkhofen,AG,15442769
Unterramsern,SO,4689914
Unterschächen,UR,8362245
Unterseen,BE,60659682
Untersiggenthal,AG,66045125
Untervaz,GR,28375970
Unterägeri,ZG,92606991
Urdorf,ZH,90520977
Urmein,GR,4639345
Urnäsch,AR,60995760
Ursenbach,BE,22360890
Ursins,VD,4768198
Ursy,FR,42812455
Urtenen-Schönbühl,BE,56775568
Uster,ZH,302021460
Uttigen,BE,21354197
Uttwil,TG,27006006
Utzenstorf,BE,71109877
Uznach,SG,74746823
Uzwil,SG,133928164
Vacallo,TI,30977977
Val Mara,TI,35488772
Val Müstair,GR,40614712
Val Terbi,JU,54662073
Val de Bagnes,VS,204635949
Val-d'Illiez,VS,47004513
Val-de-Charmey,FR,44923994
Val-de-Ruz,NE,207610578
Val-de-Travers,NE,174336634
Valbirse,BE,56121350
Valbroye,VD,68874696
Valeyres-sous-Montagny,VD,8803313
Valeyres-sous-Rances,VD,9348177
Valeyres-sous-Ursins,VD,5110258
Vallon,FR,5962893
Vallorbe,VD,46207564
Vals,GR,16989586
Valsot,GR,24357946
Vandoeuvres,GE,36522443
Varen,VS,10543293
Vaulion,VD,13473653
Vaulruz,FR,21470337
Vaux-sur-Morges,VD,3528441
Vaz/Obervaz,GR,87689628
Vechigen,BE,75412250
Veltheim (AG),AG,24462404
Vendlincourt,JU,18307881
Vernate,TI,8718087
Vernayaz,VS,18420102
Vernier,GE,194588156
Versoix,GE,74149191
Verzasca,TI,23665151
Vevey,VD,99210957
Vex,VS,37736847
Veyrier,GE,103336378
Veysonnaz,VS,11750618
Veytaux,VD,7639394
Vezia,TI,20878590
Vich,VD,13335836
Vico Morcote,TI,10040517
Villars-Epeney,VD,1554426
Villars-Sainte-Croix,VD,14404420
Villars-le-Comte,VD,4543612
Villars-le-Terroir,VD,15319144
Villars-sous-Yens,VD,7467913
Villars-sur-Glâne,FR,94999578
Villarsel-sur-Marly,FR,1520348
Villarzel,VD,12311273
Villaz,FR,37827859
Villeneuve (VD),VD,59024610
Villeret,BE,15518613
Villigen,AG,25656542
Villmergen,AG,101035684
Villnachern,AG,18379638
Villorsonnens,FR,27645832
Vilters-Wangs,SG,78704494
Vinelz,BE,17856648
Vinzel,VD,5283471
Vionnaz,VS,32504236
Visp,VS,77270937
Visperterminen,VS,17097993
Vitznau,LU,21176746
Volken,ZH,5662937
Volketswil,ZH,194264172
Vordemwald,AG,28712631
Vorderthal,SZ,14941622
Vouvry,VS,44002235
Vuadens,FR,34281734
Vuarrens,VD,15970850
Vucherens,VD,10546200
Vufflens-la-Ville,VD,18483375
Vufflens-le-Château,VD,10594518
Vugelles-La Mothe,VD,3301292
Vuisternens-devant-Romont,FR,53886517
Vuiteboeuf,VD,9874095
Vulliens,VD,10388135
Vullierens,VD,10781426
Vully-les-Lacs,VD,61368670
Vérossaz,VS,8375266
Vétroz,VS,65075101
Wachseldorn,BE,6287026
Wagenhausen,TG,39930250
Wahlen,BL,19549135
Walchwil,ZG,46614932
Wald (AR),AR,16510925
Wald (BE),BE,35648821
Wald (ZH),ZH,130648309
Waldenburg,BL,16734855
Waldkirch,SG,54972068
Waldstatt,AR,28184604
Walenstadt,SG,91230772
Walkringen,BE,38274585
Wallbach,AG,26760047
Wallisellen,ZH,155126423
Walliswil bei Niederbipp,BE,3684112
Walliswil bei Wangen,BE,9938637
Walperswil,BE,20165544
Waltenschwil,AG,31894081
Walterswil (BE),BE,16632698
Walterswil (SO),SO,13834317
Walzenhausen,AR,31083080
Wangen (SZ),SZ,64673878
Wangen an der Aare,BE,34670669
Wangen bei Olten,SO,59984224
Wangen-Brüttisellen,ZH,93295700
Wangenried,BE,9126367
Wartau,SG,83097275
Warth-Weiningen,TG,28753085
Wassen,UR,6810527
Wasterkingen,ZH,7638284
Wattenwil,BE,41108947
Wattwil,SG,116318330
Wauwil,LU,21963983
Weesen,SG,24159430
Wegenstetten,AG,18467456
Weggis,LU,59455616
Weiach,ZH,20012040
Weinfelden,TG,185335305
Weiningen (ZH),ZH,47113416
Weisslingen,ZH,43556286
Welschenrohr-Gänsbrunnen,SO,19831054
Wengi,BE,16437954
Wenslingen,BL,15777489
Werthenstein,LU,34167901
Wettingen,AG,149778767
Wettswil am Albis,ZH,48055504
Wetzikon (ZH),ZH,229118442
Wichtrach,BE,49116616
Widen,AG,39217445
Widnau,SG,132728118
Wiedlisbach,BE,43110619
Wiesendangen,ZH,76020766
Wiggiswil,BE,3298957
Wigoltingen,TG,70777171
Wikon,LU,29471629
Wil (SG),SG,231333837
Wil (ZH),ZH,25518768
Wila,ZH,33444354
Wilchingen,SH,34250331
Wildberg,ZH,23554886
Wilderswil,BE,35216133
Wildhaus-Alt St. Johann,SG,79136037
Wilen (TG),TG,26085927
Wiler (Lötschen),VS,11800007
Wiler bei Utzenstorf,BE,19512545
Wileroltigen,BE,7744499
Wiliberg,AG,4002099
Willadingen,BE,5355997
Willisau,LU,126081265
Wimmis,BE,33048220
Windisch,AG,63152774
Winkel,ZH,40570102
Wintersingen,BL,13375456
Winterthur,ZH,827055076
Winznau,SO,22624767
Wisen (SO),SO,7700964
Wittenbach,SG,78373373
Witterswil,SO,18476019
Wittinsburg,BL,9254097
Wittnau,AG,20612545
Wohlen (AG),AG,149089622
Wohlen bei Bern,BE,109773790
Wohlenschwil,AG,19306924
Wolfenschiessen,NW,20157317
Wolfhalden,AR,29366386
Wolfwil,SO,39170174
Wolhusen,LU,42202862
Wollerau,SZ,77107791
Worb,BE,127005317
Worben,BE,29967115
Wuppenau,TG,36532952
Wynau,BE,23799031
Wynigen,BE,46383586
Wyssachen,BE,32099935
Wädenswil,ZH,257190940
Wäldi,TG,43218794
Wängi,TG,95699142
Wölflinswil,AG,17379133
Wünnewil-Flamatt,FR,59943423
Würenlingen,AG,54435276
Würenlos,AG,59797248
Yens,VD,22463117
Yverdon-les-Bains,VD,210957819
Yvonand,VD,42881088
Yvorne,VD,23314965
Zeglingen,BL,14378177
Zeihen,AG,15566593
Zeiningen,AG,33397268
Zell (LU),LU,35644857
Zell (ZH),ZH,50069703
Zeneggen,VS,6605001
Zermatt,VS,76036457
Zernez,GR,29505451
Zetzwil,AG,22870752
Ziefen,BL,27674833
Zielebach,BE,5980151
Zihlschlacht-Sitterdorf,TG,56937115
Zillis-Reischen,GR,6326812
Zizers,GR,36359656
Zofingen,AG,129272085
Zollikofen,BE,87174799
Zollikon,ZH,107348965
Zuchwil,SO,85326482
Zufikon,AG,41540617
Zug,ZG,229394629
Zullwil,SO,8685704
Zumikon,ZH,58524491
Zunzgen,BL,30215751
Zuoz,GR,24308677
Zurzach,AG,91338325
Zuzgen,AG,15382967
Zuzwil (BE),BE,10274127
Zuzwil (SG),SG,73100198
Zweisimmen,BE,64030867
Zwieselberg,BE,6669323
Zwingen,BL,39043421
Zwischbergen,VS,1528535
Zäziwil,BE,24562733
Zürich,ZH,2397509430
